inventory_id,store_id,product_id,stock_level,snapshot_date
1,27,247,490,2023-12-04
2,15,98,173,2023-07-26
3,20,170,343,2023-09-29
4,14,67,204,2023-08-03
5,7,56,54,2023-07-03
6,15,46,234,2023-10-18
7,14,5,197,2023-10-29
8,28,56,225,2023-03-08
9,11,151,306,2023-09-04
10,10,141,280,2023-01-16
11,19,284,104,2023-12-01
12,3,6,278,2023-07-30
13,12,189,177,2023-03-15
14,13,219,301,2023-11-01
15,7,173,204,2023-01-18
16,12,93,219,2023-01-22
17,22,12,491,2023-04-16
18,2,163,427,2023-04-29
19,1,5,140,2023-01-16
20,6,66,454,2023-07-03
21,25,203,431,2023-01-03
22,19,193,144,2023-05-03
23,25,66,456,2023-08-31
24,6,169,13,2023-10-18
25,13,155,157,2023-04-15
26,4,76,104,2023-04-13
27,26,261,229,2023-07-27
28,26,133,377,2023-05-29
29,26,141,413,2023-07-12
30,14,137,288,2023-11-09
31,30,176,119,2023-08-10
32,16,288,181,2023-02-16
33,28,36,184,2023-10-31
34,29,143,216,2023-06-16
35,2,137,30,2023-03-28
36,9,16,278,2023-08-14
37,13,250,435,2023-04-30
38,21,6,474,2023-09-05
39,14,72,224,2023-12-19
40,14,161,370,2023-05-24
41,5,224,309,2023-08-21
42,2,36,174,2023-12-16
43,5,34,176,2023-01-03
44,6,13,83,2023-08-25
45,2,202,55,2023-11-13
46,1,57,91,2023-09-15
47,16,7,7,2023-01-26
48,22,111,149,2023-01-18
49,9,116,61,2023-11-18
50,25,259,53,2023-10-23
51,14,155,162,2023-05-11
52,30,206,118,2023-01-17
53,9,94,478,2023-09-15
54,29,192,107,2023-03-11
55,5,290,343,2023-07-04
56,15,279,270,2023-02-18
57,10,48,113,2023-11-09
58,15,55,236,2023-11-08
59,17,17,478,2023-03-17
60,3,62,260,2023-10-04
61,8,125,469,2023-01-16
62,25,237,16,2023-01-06
63,4,61,91,2023-02-03
64,11,44,116,2023-02-28
65,28,128,386,2023-03-08
66,19,259,402,2023-09-12
67,14,201,357,2023-10-24
68,18,112,218,2023-06-06
69,21,143,464,2023-02-01
70,2,207,479,2023-01-10
71,27,140,420,2023-07-11
72,9,227,148,2023-08-07
73,10,136,356,2023-12-15
74,27,290,50,2023-03-18
75,25,200,53,2023-01-20
76,13,278,138,2023-06-05
77,19,140,448,2023-01-27
78,4,150,157,2023-06-02
79,28,91,345,2023-10-12
80,16,186,236,2023-04-26
81,12,82,112,2023-09-07
82,25,19,426,2023-02-14
83,16,133,497,2023-10-13
84,17,272,291,2023-10-21
85,16,169,345,2023-10-15
86,7,19,440,2023-11-02
87,2,253,233,2023-03-12
88,9,193,119,2023-06-12
89,27,278,90,2023-03-17
90,12,145,409,2023-12-09
91,13,35,490,2023-01-05
92,14,167,209,2023-04-17
93,12,244,480,2023-04-29
94,3,73,227,2023-10-14
95,22,133,484,2023-04-07
96,21,73,97,2023-06-30
97,16,115,315,2023-01-01
98,18,267,89,2023-03-27
99,25,110,277,2023-03-06
100,3,168,23,2023-04-13
101,22,216,395,2023-01-24
102,9,97,74,2023-05-31
103,15,80,315,2023-10-30
104,8,217,148,2023-09-10
105,10,186,335,2023-01-07
106,21,64,163,2023-01-04
107,22,67,6,2023-09-08
108,3,96,444,2023-07-01
109,5,34,52,2023-04-14
110,6,234,155,2023-02-21
111,14,163,279,2023-03-23
112,19,157,308,2023-12-02
113,26,281,268,2023-02-17
114,18,28,333,2023-12-17
115,26,69,490,2023-08-05
116,25,230,94,2023-11-18
117,7,137,327,2023-07-01
118,4,112,0,2023-08-31
119,29,299,359,2023-08-08
120,3,25,114,2023-07-27
121,13,94,336,2023-05-07
122,4,66,40,2023-07-01
123,9,17,186,2023-12-22
124,25,109,268,2023-10-23
125,28,278,437,2023-02-04
126,6,10,430,2023-10-07
127,11,141,26,2023-06-12
128,28,298,460,2023-12-16
129,9,28,122,2023-07-22
130,30,100,39,2023-12-31
131,9,187,218,2023-06-11
132,22,267,415,2023-08-18
133,21,208,253,2023-12-25
134,27,261,185,2023-12-15
135,19,69,75,2023-01-04
136,1,38,426,2023-12-27
137,4,66,51,2023-03-19
138,1,235,204,2023-06-01
139,13,64,335,2023-12-24
140,16,235,289,2023-04-26
141,12,153,389,2023-12-20
142,1,180,303,2023-02-05
143,30,166,401,2023-12-01
144,15,275,336,2023-10-18
145,22,99,494,2023-10-12
146,27,25,166,2023-02-05
147,5,73,461,2023-11-20
148,23,35,262,2023-02-24
149,1,143,261,2023-02-18
150,17,214,459,2023-11-09
151,8,205,225,2023-12-21
152,22,217,308,2023-12-09
153,8,232,0,2023-02-24
154,30,86,497,2023-11-08
155,22,169,28,2023-11-26
156,22,125,91,2023-09-17
157,26,236,452,2023-12-31
158,15,145,468,2023-05-10
159,23,105,102,2023-03-29
160,12,264,494,2023-11-16
161,16,134,122,2023-12-06
162,18,9,101,2023-09-27
163,3,15,353,2023-12-26
164,28,64,212,2023-12-27
165,29,178,471,2023-05-06
166,4,124,176,2023-11-23
167,15,11,314,2023-07-04
168,14,95,396,2023-12-31
169,1,120,44,2023-01-30
170,25,246,429,2023-07-27
171,25,77,377,2023-01-08
172,20,94,278,2023-05-22
173,17,153,287,2023-10-31
174,17,240,327,2023-07-31
175,22,140,366,2023-10-11
176,18,85,330,2023-05-12
177,1,216,396,2023-12-22
178,26,282,308,2023-11-19
179,27,293,275,2023-04-12
180,28,241,384,2023-10-10
181,2,23,312,2023-03-16
182,23,45,65,2023-04-10
183,16,74,394,2023-08-20
184,14,102,45,2023-10-18
185,20,284,29,2023-08-24
186,23,72,196,2023-09-26
187,23,41,262,2023-02-24
188,20,279,407,2023-09-11
189,29,212,94,2023-08-03
190,18,160,431,2023-10-26
191,9,87,477,2023-11-25
192,14,7,42,2023-11-20
193,30,183,249,2023-10-26
194,13,299,334,2023-10-23
195,26,14,35,2023-06-08
196,14,100,457,2023-09-16
197,26,244,128,2023-08-16
198,19,169,6,2023-05-25
199,17,232,43,2023-03-21
200,27,111,60,2023-02-08
201,8,102,25,2023-07-13
202,4,217,362,2023-07-16
203,9,240,362,2023-04-07
204,24,240,120,2023-09-03
205,27,221,496,2023-11-29
206,11,270,157,2023-03-17
207,7,28,256,2023-09-10
208,15,286,62,2023-10-05
209,25,54,270,2023-01-08
210,18,213,446,2023-12-30
211,20,120,310,2023-07-18
212,29,75,312,2023-09-09
213,30,70,116,2023-01-18
214,5,233,275,2023-08-30
215,16,271,405,2023-09-10
216,21,132,344,2023-01-04
217,12,98,177,2023-08-25
218,17,102,116,2023-06-28
219,25,167,163,2023-01-12
220,15,105,242,2023-10-20
221,25,86,164,2023-09-15
222,21,37,173,2023-09-16
223,26,160,118,2023-03-26
224,19,123,236,2023-10-22
225,24,132,154,2023-11-29
226,7,266,146,2023-04-22
227,21,283,82,2023-07-25
228,12,261,271,2023-08-10
229,17,189,309,2023-01-18
230,7,31,212,2023-01-13
231,11,275,498,2023-09-27
232,1,132,224,2023-02-10
233,17,176,233,2023-02-09
234,25,49,350,2023-03-30
235,22,172,161,2023-04-11
236,7,6,78,2023-08-07
237,2,76,178,2023-08-03
238,11,204,291,2023-10-31
239,16,210,126,2023-01-10
240,15,36,180,2023-08-05
241,8,281,89,2023-05-01
242,15,177,93,2023-11-06
243,7,55,445,2023-06-12
244,5,169,414,2023-06-01
245,8,48,88,2023-11-01
246,2,104,387,2023-03-25
247,6,3,267,2023-07-21
248,4,85,248,2023-02-19
249,7,173,180,2023-05-29
250,6,276,60,2023-08-08
251,28,233,146,2023-06-04
252,22,164,118,2023-04-07
253,5,60,183,2023-11-20
254,27,78,264,2023-04-09
255,5,18,280,2023-12-06
256,18,97,53,2023-07-05
257,11,66,111,2023-05-14
258,23,31,174,2023-11-12
259,23,238,296,2023-12-03
260,8,265,178,2023-05-27
261,20,148,49,2023-04-23
262,11,148,116,2023-01-17
263,27,47,390,2023-02-03
264,27,244,26,2023-03-03
265,29,257,431,2023-07-15
266,25,83,366,2023-03-28
267,26,142,310,2023-05-03
268,19,129,190,2023-09-11
269,19,10,362,2023-05-07
270,29,177,389,2023-12-04
271,2,210,162,2023-06-11
272,10,42,415,2023-11-12
273,7,124,461,2023-06-21
274,12,187,5,2023-10-28
275,26,25,190,2023-11-27
276,2,164,496,2023-12-25
277,7,35,498,2023-09-09
278,19,253,17,2023-01-09
279,1,247,158,2023-09-08
280,11,10,307,2023-08-27
281,8,264,143,2023-02-04
282,8,105,439,2023-09-23
283,14,220,194,2023-04-14
284,13,255,478,2023-06-06
285,10,134,229,2023-06-23
286,17,206,189,2023-07-17
287,27,124,336,2023-07-30
288,6,216,179,2023-08-06
289,20,64,132,2023-07-20
290,21,38,436,2023-08-21
291,14,248,207,2023-04-26
292,24,153,144,2023-10-28
293,8,222,158,2023-03-18
294,7,258,271,2023-08-06
295,5,24,440,2023-02-22
296,6,67,20,2023-03-25
297,8,249,168,2023-09-15
298,21,235,294,2023-05-12
299,3,90,292,2023-07-18
300,9,94,424,2023-10-02
301,25,189,308,2023-12-21
302,10,137,329,2023-03-24
303,1,173,287,2023-09-06
304,7,16,280,2023-03-10
305,20,232,436,2023-05-22
306,6,174,63,2023-05-20
307,13,101,416,2023-12-06
308,7,186,358,2023-10-01
309,8,30,228,2023-09-14
310,27,288,101,2023-12-29
311,21,78,293,2023-01-04
312,5,23,246,2023-09-25
313,12,17,91,2023-12-23
314,6,122,334,2023-12-01
315,23,228,135,2023-11-04
316,15,175,0,2023-12-21
317,21,41,457,2023-03-31
318,21,15,314,2023-01-15
319,28,214,290,2023-05-16
320,4,91,245,2023-08-08
321,17,52,239,2023-10-13
322,14,57,480,2023-07-01
323,7,289,271,2023-05-07
324,23,149,141,2023-05-06
325,13,20,4,2023-07-14
326,22,101,335,2023-07-17
327,10,188,276,2023-12-17
328,18,33,313,2023-08-06
329,2,31,56,2023-01-08
330,22,162,138,2023-08-19
331,12,278,497,2023-07-10
332,13,286,326,2023-04-03
333,25,5,120,2023-05-25
334,21,169,391,2023-01-16
335,7,173,464,2023-04-23
336,18,215,477,2023-10-28
337,22,117,397,2023-07-15
338,11,255,176,2023-11-02
339,22,269,363,2023-07-24
340,10,252,497,2023-11-12
341,22,206,160,2023-03-09
342,6,209,151,2023-05-07
343,14,163,454,2023-06-09
344,20,274,37,2023-12-02
345,5,140,334,2023-12-11
346,20,169,49,2023-12-08
347,6,144,234,2023-06-01
348,9,222,88,2023-10-11
349,29,269,63,2023-05-31
350,5,76,380,2023-03-04
351,5,118,208,2023-07-03
352,19,98,224,2023-08-01
353,13,33,385,2023-03-14
354,27,67,166,2023-11-18
355,23,6,201,2023-10-11
356,5,292,141,2023-06-03
357,14,241,395,2023-07-07
358,2,55,336,2023-03-01
359,25,71,77,2023-09-13
360,5,94,434,2023-07-02
361,23,143,9,2023-01-25
362,28,22,247,2023-01-25
363,23,49,43,2023-11-10
364,26,136,486,2023-02-07
365,12,231,295,2023-10-29
366,24,100,476,2023-04-10
367,20,293,108,2023-05-27
368,7,200,187,2023-10-07
369,3,121,69,2023-02-24
370,9,227,231,2023-03-13
371,15,239,30,2023-08-31
372,15,277,292,2023-05-07
373,8,101,456,2023-11-17
374,28,187,185,2023-09-11
375,26,159,170,2023-03-09
376,16,6,108,2023-06-02
377,25,170,96,2023-05-29
378,2,180,326,2023-08-14
379,20,212,37,2023-11-22
380,1,164,263,2023-06-29
381,24,128,289,2023-11-06
382,29,296,144,2023-01-03
383,4,218,16,2023-10-16
384,4,141,93,2023-07-20
385,23,132,337,2023-01-07
386,30,251,52,2023-12-27
387,6,101,486,2023-06-04
388,3,98,398,2023-09-14
389,8,279,319,2023-06-17
390,2,186,108,2023-06-12
391,29,143,56,2023-12-03
392,17,79,147,2023-10-22
393,28,39,60,2023-01-11
394,12,37,24,2023-12-23
395,29,286,77,2023-10-28
396,12,7,26,2023-05-11
397,15,210,430,2023-07-24
398,18,79,98,2023-11-12
399,9,133,27,2023-04-02
400,21,176,133,2023-11-10
401,5,87,296,2023-04-21
402,22,249,314,2023-10-17
403,3,217,222,2023-09-04
404,17,92,333,2023-03-02
405,29,207,188,2023-04-20
406,24,232,463,2023-08-20
407,23,199,304,2023-05-05
408,12,38,363,2023-07-22
409,14,77,355,2023-09-28
410,8,67,260,2023-09-17
411,9,185,479,2023-01-23
412,2,275,266,2023-07-19
413,21,90,341,2023-03-21
414,2,286,234,2023-09-29
415,29,207,39,2023-12-10
416,24,18,475,2023-02-22
417,16,244,113,2023-09-23
418,20,7,325,2023-02-22
419,11,188,166,2023-09-29
420,20,88,325,2023-08-16
421,10,116,109,2023-06-29
422,8,63,19,2023-11-09
423,7,75,229,2023-07-19
424,1,295,387,2023-07-11
425,23,171,472,2023-01-23
426,30,232,268,2023-02-09
427,10,248,304,2023-12-02
428,19,225,75,2023-08-18
429,5,276,264,2023-01-18
430,24,192,314,2023-08-10
431,22,167,115,2023-06-13
432,8,99,2,2023-12-26
433,21,228,479,2023-06-18
434,26,62,10,2023-01-01
435,9,129,260,2023-12-03
436,29,250,418,2023-12-14
437,13,139,368,2023-09-11
438,14,230,151,2023-07-18
439,27,59,488,2023-07-31
440,6,165,197,2023-06-19
441,11,204,81,2023-06-01
442,9,98,124,2023-03-06
443,13,246,229,2023-01-18
444,4,137,133,2023-03-31
445,2,46,85,2023-01-14
446,30,204,297,2023-01-19
447,24,193,42,2023-03-23
448,21,42,397,2023-09-06
449,2,162,203,2023-04-19
450,22,224,280,2023-01-07
451,13,254,467,2023-11-16
452,19,284,17,2023-01-02
453,1,218,407,2023-09-20
454,28,100,190,2023-01-28
455,6,61,462,2023-12-14
456,27,40,222,2023-12-03
457,8,182,361,2023-10-13
458,17,59,256,2023-09-11
459,3,223,14,2023-03-26
460,6,208,181,2023-07-20
461,26,170,33,2023-10-19
462,29,139,179,2023-10-05
463,19,203,1,2023-12-01
464,7,254,419,2023-03-19
465,15,166,150,2023-07-29
466,6,57,407,2023-05-06
467,25,123,109,2023-01-10
468,29,137,415,2023-08-28
469,22,250,306,2023-10-05
470,23,57,301,2023-11-04
471,18,67,396,2023-06-19
472,10,231,352,2023-06-18
473,4,244,105,2023-10-31
474,5,286,254,2023-11-21
475,18,121,13,2023-09-14
476,27,54,272,2023-12-19
477,10,288,377,2023-09-07
478,10,278,143,2023-07-03
479,10,66,415,2023-08-17
480,7,270,206,2023-11-23
481,20,13,106,2023-07-22
482,14,124,246,2023-06-21
483,25,77,222,2023-03-22
484,30,24,267,2023-02-18
485,8,35,224,2023-08-03
486,26,74,386,2023-06-26
487,9,290,74,2023-04-05
488,24,290,436,2023-04-28
489,5,19,42,2023-04-08
490,25,259,132,2023-03-15
491,21,116,430,2023-02-06
492,8,292,282,2023-11-26
493,20,260,382,2023-07-06
494,29,154,435,2023-09-23
495,5,203,55,2023-08-23
496,27,131,207,2023-12-24
497,20,128,226,2023-11-05
498,18,265,103,2023-11-27
499,4,270,463,2023-12-06
500,11,3,335,2023-11-03
501,21,258,469,2023-03-12
502,22,100,67,2023-05-29
503,20,53,249,2023-12-30
504,11,166,479,2023-09-19
505,14,149,90,2023-10-14
506,26,163,270,2023-05-20
507,13,83,402,2023-12-23
508,28,22,25,2023-11-01
509,4,20,206,2023-01-31
510,16,211,428,2023-09-22
511,6,8,251,2023-06-04
512,23,154,9,2023-04-26
513,13,51,97,2023-07-28
514,23,246,101,2023-04-25
515,20,154,496,2023-02-20
516,5,246,409,2023-03-13
517,19,43,135,2023-05-08
518,21,163,335,2023-09-06
519,10,147,220,2023-11-14
520,5,156,31,2023-11-10
521,14,3,276,2023-05-23
522,4,146,95,2023-06-16
523,6,269,300,2023-03-11
524,5,244,438,2023-01-08
525,24,296,267,2023-06-12
526,29,295,175,2023-03-04
527,29,57,102,2023-10-14
528,2,280,186,2023-08-22
529,6,119,329,2023-08-06
530,2,22,325,2023-12-10
531,12,51,36,2023-09-10
532,22,212,209,2023-07-13
533,4,216,367,2023-10-24
534,13,76,414,2023-09-14
535,17,204,482,2023-11-26
536,6,166,254,2023-08-30
537,3,61,130,2023-10-16
538,13,279,324,2023-04-18
539,23,260,97,2023-02-06
540,3,76,442,2023-11-09
541,26,209,32,2023-01-11
542,20,37,35,2023-03-25
543,9,93,457,2023-08-06
544,23,134,236,2023-08-26
545,4,239,2,2023-02-16
546,2,136,458,2023-12-11
547,5,223,130,2023-05-12
548,8,148,219,2023-07-30
549,2,252,361,2023-07-24
550,25,79,442,2023-03-24
551,5,244,181,2023-03-18
552,6,120,27,2023-05-20
553,7,122,392,2023-05-08
554,13,212,25,2023-03-07
555,9,284,156,2023-08-30
556,7,254,9,2023-05-31
557,4,18,410,2023-02-24
558,5,263,446,2023-05-27
559,28,277,108,2023-03-08
560,3,41,317,2023-05-31
561,17,31,95,2023-01-04
562,19,298,145,2023-01-18
563,13,118,180,2023-01-12
564,1,234,209,2023-09-13
565,5,43,341,2023-02-04
566,23,228,144,2023-02-12
567,9,134,48,2023-03-19
568,4,157,472,2023-12-17
569,10,206,153,2023-11-19
570,14,89,260,2023-11-16
571,10,99,328,2023-12-15
572,1,37,43,2023-12-25
573,23,199,235,2023-02-21
574,19,55,407,2023-01-17
575,17,105,440,2023-07-30
576,20,243,120,2023-08-15
577,30,74,247,2023-02-02
578,27,104,498,2023-11-24
579,25,221,6,2023-12-03
580,15,16,19,2023-10-28
581,22,29,183,2023-03-18
582,6,264,363,2023-03-09
583,7,183,488,2023-02-19
584,1,52,199,2023-06-07
585,5,106,253,2023-07-17
586,20,25,402,2023-09-15
587,20,92,244,2023-02-03
588,7,26,482,2023-07-31
589,2,90,63,2023-09-29
590,21,175,298,2023-03-05
591,23,30,299,2023-06-04
592,3,14,152,2023-11-17
593,30,130,16,2023-09-26
594,2,131,38,2023-02-09
595,16,6,152,2023-06-09
596,28,211,354,2023-11-19
597,17,149,294,2023-01-14
598,21,276,38,2023-04-30
599,12,149,186,2023-11-10
600,28,40,237,2023-12-14
601,5,196,449,2023-02-15
602,4,124,271,2023-12-12
603,24,71,308,2023-04-20
604,16,199,361,2023-08-07
605,18,33,461,2023-05-01
606,13,90,156,2023-10-16
607,28,90,230,2023-02-15
608,20,276,193,2023-12-04
609,21,275,249,2023-02-23
610,9,199,265,2023-11-18
611,16,56,1,2023-02-23
612,3,237,474,2023-01-04
613,29,1,140,2023-08-28
614,17,167,181,2023-03-21
615,30,37,1,2023-07-20
616,20,274,169,2023-07-21
617,10,79,269,2023-09-13
618,22,242,464,2023-07-18
619,23,134,306,2023-03-14
620,20,252,363,2023-06-25
621,4,22,48,2023-08-07
622,22,267,421,2023-08-12
623,1,218,483,2023-10-10
624,21,72,417,2023-10-08
625,16,9,284,2023-04-03
626,11,135,366,2023-06-01
627,19,195,379,2023-03-21
628,8,58,319,2023-07-27
629,5,284,278,2023-04-02
630,23,287,278,2023-01-20
631,24,251,271,2023-02-22
632,8,91,43,2023-03-24
633,29,204,59,2023-03-15
634,18,8,198,2023-05-10
635,29,108,108,2023-09-16
636,15,233,64,2023-12-25
637,18,274,402,2023-07-03
638,13,120,172,2023-03-07
639,15,11,352,2023-06-02
640,26,183,97,2023-12-31
641,21,179,128,2023-07-15
642,13,206,267,2023-01-15
643,3,92,408,2023-07-29
644,12,227,86,2023-05-15
645,12,6,88,2023-03-23
646,10,12,478,2023-03-12
647,1,250,343,2023-10-24
648,24,198,393,2023-06-21
649,6,127,449,2023-05-03
650,19,37,416,2023-10-16
651,24,8,228,2023-07-29
652,13,165,470,2023-03-05
653,27,120,129,2023-03-04
654,1,232,131,2023-01-08
655,19,225,406,2023-09-02
656,25,233,252,2023-06-14
657,6,287,109,2023-04-03
658,1,226,296,2023-10-11
659,25,145,293,2023-11-05
660,23,250,214,2023-07-18
661,17,272,311,2023-05-04
662,17,286,203,2023-02-24
663,21,39,427,2023-07-09
664,11,44,447,2023-05-23
665,20,37,23,2023-11-06
666,12,256,92,2023-11-13
667,24,211,168,2023-04-07
668,13,92,27,2023-11-06
669,18,19,317,2023-07-16
670,22,100,398,2023-10-12
671,24,147,189,2023-03-22
672,1,69,265,2023-04-19
673,3,130,383,2023-10-10
674,17,25,481,2023-07-28
675,7,115,284,2023-04-25
676,17,90,414,2023-08-29
677,16,286,62,2023-10-06
678,12,273,86,2023-11-02
679,25,212,401,2023-11-27
680,8,111,6,2023-07-23
681,11,76,154,2023-07-20
682,3,296,392,2023-12-10
683,28,88,19,2023-06-04
684,29,170,251,2023-11-11
685,12,147,372,2023-09-22
686,4,240,468,2023-10-16
687,9,55,347,2023-03-11
688,26,92,49,2023-06-28
689,22,253,188,2023-06-17
690,21,157,66,2023-01-06
691,29,251,364,2023-05-12
692,21,264,201,2023-09-16
693,17,8,400,2023-05-21
694,16,299,98,2023-10-09
695,12,98,148,2023-10-17
696,30,50,456,2023-07-24
697,15,213,464,2023-06-30
698,15,4,159,2023-02-16
699,1,292,303,2023-11-28
700,3,241,165,2023-05-16
701,2,19,27,2023-08-21
702,26,270,465,2023-07-21
703,30,201,187,2023-02-01
704,17,104,325,2023-10-04
705,12,82,313,2023-07-11
706,5,55,197,2023-04-01
707,30,288,208,2023-12-11
708,30,236,436,2023-03-12
709,11,164,265,2023-10-25
710,19,85,257,2023-02-04
711,15,219,480,2023-08-08
712,30,213,490,2023-07-18
713,7,203,408,2023-04-16
714,8,300,421,2023-11-28
715,10,242,256,2023-02-21
716,6,162,335,2023-01-17
717,28,179,345,2023-12-08
718,21,92,232,2023-01-09
719,15,138,203,2023-06-29
720,10,112,72,2023-01-03
721,28,169,12,2023-10-05
722,21,101,70,2023-07-01
723,17,296,0,2023-10-19
724,28,193,158,2023-06-16
725,22,207,482,2023-09-08
726,6,286,215,2023-10-01
727,19,216,194,2023-03-22
728,20,228,311,2023-01-27
729,20,43,402,2023-04-28
730,6,181,3,2023-08-15
731,14,286,252,2023-12-18
732,24,297,283,2023-07-14
733,28,44,299,2023-05-21
734,13,37,29,2023-09-30
735,13,249,291,2023-11-13
736,9,83,436,2023-08-31
737,9,257,105,2023-01-17
738,21,217,121,2023-07-03
739,24,10,442,2023-02-17
740,29,238,195,2023-01-16
741,8,26,470,2023-07-12
742,10,251,202,2023-10-10
743,20,215,259,2023-01-14
744,4,145,266,2023-12-14
745,3,222,240,2023-08-16
746,13,18,52,2023-04-26
747,21,228,123,2023-11-02
748,8,236,87,2023-08-12
749,24,276,309,2023-01-29
750,9,121,243,2023-01-28
751,14,62,339,2023-02-15
752,1,187,44,2023-03-01
753,14,25,400,2023-12-21
754,12,96,63,2023-05-28
755,4,193,185,2023-02-21
756,22,254,12,2023-05-30
757,21,67,208,2023-11-20
758,4,40,434,2023-05-24
759,13,224,51,2023-05-29
760,16,222,398,2023-06-21
761,11,103,387,2023-11-14
762,3,248,337,2023-05-29
763,2,162,106,2023-04-14
764,25,264,8,2023-05-19
765,26,25,111,2023-04-30
766,3,154,119,2023-02-06
767,20,219,66,2023-06-21
768,17,254,474,2023-05-04
769,1,215,81,2023-10-05
770,26,169,464,2023-07-31
771,25,80,201,2023-07-13
772,11,72,184,2023-01-21
773,16,63,356,2023-08-29
774,20,75,375,2023-05-25
775,10,263,156,2023-10-19
776,20,98,430,2023-05-22
777,6,85,115,2023-06-14
778,2,273,113,2023-05-14
779,22,149,132,2023-06-27
780,29,6,247,2023-03-26
781,7,109,110,2023-07-24
782,17,199,453,2023-02-07
783,8,38,447,2023-12-01
784,13,128,231,2023-06-15
785,22,140,58,2023-01-24
786,25,248,290,2023-01-18
787,29,259,260,2023-12-15
788,4,147,49,2023-06-09
789,11,195,315,2023-11-23
790,2,215,270,2023-08-10
791,25,241,474,2023-04-12
792,8,133,363,2023-12-12
793,18,29,370,2023-11-24
794,8,98,102,2023-03-30
795,11,182,480,2023-06-07
796,24,152,151,2023-03-29
797,5,103,20,2023-05-13
798,7,288,257,2023-09-17
799,23,235,210,2023-06-28
800,4,133,428,2023-11-07
801,22,230,499,2023-10-16
802,10,35,81,2023-04-25
803,6,80,9,2023-12-15
804,13,242,428,2023-10-14
805,16,133,164,2023-12-30
806,22,9,150,2023-03-24
807,25,253,172,2023-08-25
808,2,33,424,2023-08-27
809,26,187,64,2023-03-07
810,24,11,249,2023-05-28
811,15,69,316,2023-07-23
812,8,138,117,2023-04-24
813,17,131,133,2023-12-07
814,27,251,448,2023-07-08
815,29,123,17,2023-10-19
816,14,273,346,2023-03-25
817,30,243,367,2023-12-30
818,18,162,254,2023-10-03
819,29,95,167,2023-04-10
820,14,162,421,2023-10-29
821,4,284,428,2023-10-01
822,21,229,16,2023-07-17
823,21,116,473,2023-12-19
824,22,221,396,2023-02-03
825,23,169,9,2023-03-20
826,1,145,229,2023-05-11
827,23,286,473,2023-03-13
828,6,182,30,2023-08-31
829,5,275,214,2023-05-19
830,15,37,305,2023-06-23
831,30,36,378,2023-01-17
832,16,68,339,2023-02-16
833,22,121,150,2023-01-30
834,27,155,44,2023-02-09
835,8,205,474,2023-07-18
836,29,44,206,2023-11-28
837,28,289,421,2023-12-07
838,6,90,138,2023-06-05
839,5,212,391,2023-10-11
840,6,63,333,2023-02-28
841,25,72,383,2023-12-02
842,28,290,268,2023-11-26
843,1,27,213,2023-08-02
844,14,53,161,2023-09-20
845,19,242,448,2023-11-20
846,19,293,356,2023-01-24
847,25,100,479,2023-12-20
848,15,79,202,2023-10-24
849,19,90,9,2023-08-27
850,6,25,349,2023-02-23
851,25,161,75,2023-09-27
852,26,195,233,2023-06-21
853,5,201,232,2023-11-01
854,26,166,225,2023-11-15
855,16,222,374,2023-07-28
856,27,283,216,2023-02-14
857,9,13,291,2023-11-24
858,25,246,3,2023-12-28
859,15,88,377,2023-09-07
860,22,140,148,2023-01-07
861,8,256,380,2023-09-16
862,25,276,188,2023-03-29
863,25,146,93,2023-07-08
864,8,7,37,2023-01-30
865,29,246,75,2023-01-05
866,4,204,294,2023-12-26
867,24,240,88,2023-07-19
868,2,94,309,2023-01-07
869,16,8,317,2023-06-16
870,3,170,274,2023-06-20
871,9,119,1,2023-01-28
872,26,246,149,2023-04-18
873,4,128,93,2023-05-27
874,2,222,312,2023-10-11
875,19,63,498,2023-04-09
876,23,117,99,2023-03-17
877,25,109,258,2023-04-02
878,15,234,278,2023-08-18
879,7,205,3,2023-07-17
880,8,88,411,2023-05-27
881,3,240,77,2023-03-05
882,23,198,197,2023-12-13
883,15,4,325,2023-02-19
884,1,106,424,2023-01-10
885,16,107,164,2023-08-13
886,28,252,6,2023-03-23
887,22,186,460,2023-07-01
888,3,226,0,2023-01-10
889,2,21,87,2023-12-26
890,30,154,417,2023-08-23
891,15,224,179,2023-11-06
892,4,86,9,2023-11-22
893,27,41,374,2023-08-21
894,14,172,443,2023-08-23
895,9,160,133,2023-02-03
896,22,160,451,2023-02-12
897,28,51,455,2023-05-13
898,9,118,109,2023-04-23
899,14,280,124,2023-02-23
900,15,172,431,2023-05-22
901,24,84,206,2023-02-18
902,5,293,300,2023-09-24
903,24,66,139,2023-06-08
904,2,270,102,2023-05-18
905,24,271,110,2023-01-21
906,17,61,69,2023-09-11
907,11,177,372,2023-10-29
908,13,117,404,2023-08-11
909,12,136,109,2023-07-22
910,3,259,223,2023-04-17
911,23,256,223,2023-03-15
912,20,271,218,2023-01-20
913,13,32,238,2023-10-04
914,15,254,118,2023-02-26
915,11,267,330,2023-02-26
916,16,282,213,2023-03-10
917,7,7,35,2023-07-17
918,1,39,342,2023-06-01
919,23,4,356,2023-07-27
920,30,30,278,2023-07-07
921,19,166,438,2023-05-31
922,18,36,255,2023-02-16
923,9,211,154,2023-07-27
924,18,113,481,2023-08-31
925,3,117,403,2023-06-29
926,3,51,270,2023-05-21
927,4,15,41,2023-08-25
928,16,201,387,2023-01-08
929,11,124,28,2023-04-12
930,23,156,182,2023-06-09
931,23,208,487,2023-05-25
932,15,242,202,2023-01-05
933,9,164,48,2023-11-24
934,26,260,326,2023-04-04
935,8,277,330,2023-08-05
936,22,193,53,2023-06-21
937,6,238,489,2023-11-20
938,21,50,416,2023-05-18
939,18,213,221,2023-10-31
940,6,266,351,2023-06-05
941,6,90,359,2023-09-18
942,12,144,36,2023-10-27
943,5,166,204,2023-06-08
944,14,67,390,2023-09-29
945,6,20,279,2023-05-03
946,21,111,54,2023-10-06
947,27,69,394,2023-12-15
948,30,25,222,2023-01-21
949,28,12,107,2023-10-06
950,20,65,205,2023-07-27
951,19,182,171,2023-04-28
952,14,234,89,2023-05-03
953,1,133,448,2023-07-20
954,27,186,5,2023-12-04
955,20,79,286,2023-10-28
956,29,132,170,2023-11-24
957,25,275,362,2023-04-01
958,23,200,267,2023-03-22
959,7,101,192,2023-08-04
960,7,152,243,2023-10-04
961,14,216,179,2023-01-01
962,20,147,247,2023-05-24
963,16,280,69,2023-09-07
964,12,233,220,2023-06-20
965,23,149,29,2023-05-14
966,11,275,118,2023-03-17
967,18,181,204,2023-04-22
968,12,151,221,2023-09-07
969,24,293,459,2023-09-24
970,10,284,125,2023-04-06
971,24,204,457,2023-08-29
972,25,80,54,2023-10-03
973,5,149,38,2023-10-04
974,26,277,457,2023-10-19
975,24,35,337,2023-02-07
976,2,216,261,2023-11-08
977,10,1,183,2023-12-13
978,26,206,7,2023-09-24
979,24,92,467,2023-10-01
980,26,91,310,2023-03-22
981,16,70,360,2023-04-08
982,25,132,15,2023-02-14
983,6,257,375,2023-06-03
984,6,92,385,2023-11-11
985,20,82,63,2023-05-14
986,29,99,252,2023-02-12
987,24,53,10,2023-04-04
988,23,80,87,2023-06-29
989,12,246,210,2023-12-25
990,9,289,3,2023-09-13
991,17,279,130,2023-08-30
992,10,262,270,2023-08-12
993,8,261,359,2023-01-17
994,24,232,67,2023-11-29
995,9,248,426,2023-04-27
996,7,255,336,2023-02-15
997,25,83,8,2023-06-18
998,10,265,24,2023-05-21
999,24,3,64,2023-08-02
1000,25,223,103,2023-08-13
1001,25,250,65,2023-06-27
1002,1,192,182,2023-02-17
1003,19,46,172,2023-04-09
1004,22,295,288,2023-10-10
1005,28,269,21,2023-09-19
1006,11,41,41,2023-02-27
1007,23,139,203,2023-09-10
1008,20,41,154,2023-07-10
1009,10,175,10,2023-01-01
1010,2,291,297,2023-08-23
1011,14,280,461,2023-10-11
1012,12,94,77,2023-10-12
1013,4,205,103,2023-12-18
1014,22,56,490,2023-06-05
1015,13,231,277,2023-04-01
1016,20,260,136,2023-07-29
1017,28,220,206,2023-11-20
1018,10,168,250,2023-08-18
1019,2,171,224,2023-09-10
1020,25,137,56,2023-08-31
1021,17,278,338,2023-02-10
1022,10,260,286,2023-12-28
1023,23,291,273,2023-05-03
1024,16,289,395,2023-07-16
1025,9,135,167,2023-05-30
1026,19,105,377,2023-08-28
1027,11,227,356,2023-11-09
1028,6,190,172,2023-10-05
1029,25,195,432,2023-11-18
1030,25,64,384,2023-02-12
1031,4,171,97,2023-02-03
1032,16,18,390,2023-04-24
1033,12,259,385,2023-01-02
1034,24,190,376,2023-08-26
1035,24,295,341,2023-09-04
1036,27,253,259,2023-02-28
1037,16,81,172,2023-02-05
1038,23,60,173,2023-08-20
1039,22,105,211,2023-01-08
1040,3,261,194,2023-06-10
1041,12,255,264,2023-10-16
1042,15,46,465,2023-01-18
1043,20,132,440,2023-03-05
1044,30,14,271,2023-03-02
1045,12,267,306,2023-03-24
1046,9,22,307,2023-01-10
1047,10,106,136,2023-04-16
1048,23,5,82,2023-08-21
1049,27,181,389,2023-08-10
1050,8,149,43,2023-10-05
1051,13,280,206,2023-02-08
1052,22,13,116,2023-12-24
1053,15,26,389,2023-11-17
1054,28,40,4,2023-10-13
1055,17,282,220,2023-05-13
1056,27,286,429,2023-08-31
1057,12,64,282,2023-10-09
1058,16,111,498,2023-04-30
1059,25,88,113,2023-03-04
1060,11,124,249,2023-06-23
1061,19,146,300,2023-01-31
1062,29,214,424,2023-08-19
1063,13,128,499,2023-06-18
1064,3,294,89,2023-05-20
1065,25,149,27,2023-09-30
1066,4,140,437,2023-05-26
1067,24,292,31,2023-07-13
1068,15,122,216,2023-12-14
1069,14,11,308,2023-09-01
1070,28,283,70,2023-10-22
1071,11,252,251,2023-03-15
1072,28,194,29,2023-05-16
1073,13,195,255,2023-04-01
1074,20,81,308,2023-01-26
1075,18,107,158,2023-03-17
1076,13,206,395,2023-02-04
1077,21,209,8,2023-11-09
1078,27,127,481,2023-07-26
1079,19,34,322,2023-10-04
1080,4,64,420,2023-06-14
1081,12,17,369,2023-05-04
1082,3,249,155,2023-08-10
1083,16,105,493,2023-09-30
1084,1,108,213,2023-12-20
1085,4,222,153,2023-04-07
1086,9,176,82,2023-03-23
1087,23,228,404,2023-01-25
1088,13,190,100,2023-12-27
1089,22,213,9,2023-03-02
1090,30,221,335,2023-04-04
1091,10,162,279,2023-10-20
1092,9,298,280,2023-12-31
1093,20,249,179,2023-09-03
1094,6,190,89,2023-05-21
1095,19,12,128,2023-09-10
1096,3,68,308,2023-10-23
1097,10,41,451,2023-06-19
1098,10,260,484,2023-12-06
1099,24,126,106,2023-11-22
1100,21,226,461,2023-08-26
1101,24,210,279,2023-06-19
1102,25,265,282,2023-12-17
1103,2,171,106,2023-10-26
1104,13,1,154,2023-07-15
1105,7,209,343,2023-12-11
1106,29,241,231,2023-06-05
1107,13,72,448,2023-04-09
1108,30,273,379,2023-10-24
1109,14,89,294,2023-11-13
1110,28,20,332,2023-05-13
1111,18,141,83,2023-12-19
1112,14,175,357,2023-05-19
1113,23,50,419,2023-09-21
1114,27,94,75,2023-05-29
1115,13,168,452,2023-09-18
1116,19,55,260,2023-02-03
1117,8,51,336,2023-01-09
1118,4,270,229,2023-10-21
1119,9,145,393,2023-02-12
1120,12,77,271,2023-04-06
1121,20,129,471,2023-01-12
1122,2,111,220,2023-12-21
1123,29,1,180,2023-05-20
1124,4,26,397,2023-10-14
1125,21,116,201,2023-09-24
1126,24,174,284,2023-12-20
1127,19,13,411,2023-10-10
1128,9,34,117,2023-01-21
1129,9,232,116,2023-09-26
1130,11,73,400,2023-09-07
1131,10,51,196,2023-02-14
1132,3,211,193,2023-06-24
1133,8,215,291,2023-10-08
1134,22,41,497,2023-03-18
1135,11,94,103,2023-08-21
1136,6,189,173,2023-11-16
1137,18,135,300,2023-07-17
1138,8,206,102,2023-12-21
1139,23,2,8,2023-09-12
1140,2,204,163,2023-06-05
1141,20,241,4,2023-01-04
1142,5,258,334,2023-03-25
1143,25,156,328,2023-07-16
1144,10,54,88,2023-08-02
1145,30,94,177,2023-10-07
1146,18,61,283,2023-05-25
1147,12,168,26,2023-02-26
1148,28,274,365,2023-06-03
1149,23,25,174,2023-04-10
1150,21,48,160,2023-07-19
1151,2,189,114,2023-01-08
1152,10,53,377,2023-01-10
1153,12,241,96,2023-05-04
1154,19,27,165,2023-09-27
1155,5,59,135,2023-12-13
1156,10,186,387,2023-01-27
1157,1,141,367,2023-01-05
1158,7,57,490,2023-12-01
1159,1,195,163,2023-05-13
1160,22,106,362,2023-12-08
1161,28,280,414,2023-05-20
1162,22,168,201,2023-09-21
1163,17,246,432,2023-11-11
1164,12,214,168,2023-08-15
1165,7,2,489,2023-03-01
1166,8,182,135,2023-03-21
1167,3,183,157,2023-02-24
1168,15,95,397,2023-04-04
1169,12,156,300,2023-02-10
1170,26,180,226,2023-01-10
1171,17,97,365,2023-08-14
1172,2,277,301,2023-04-26
1173,17,238,450,2023-12-06
1174,25,298,348,2023-04-17
1175,4,13,271,2023-01-07
1176,7,182,393,2023-01-21
1177,15,155,323,2023-09-09
1178,21,251,435,2023-11-27
1179,25,281,49,2023-04-11
1180,16,177,323,2023-08-03
1181,25,71,1,2023-02-13
1182,6,84,330,2023-08-11
1183,5,189,462,2023-07-29
1184,26,92,74,2023-12-10
1185,16,69,246,2023-08-02
1186,1,164,214,2023-10-20
1187,15,179,229,2023-08-27
1188,20,33,241,2023-03-06
1189,5,53,477,2023-09-11
1190,13,216,187,2023-01-06
1191,14,202,433,2023-10-21
1192,25,38,128,2023-08-09
1193,2,261,492,2023-11-09
1194,2,31,96,2023-07-22
1195,19,288,364,2023-03-11
1196,19,5,164,2023-03-06
1197,12,179,406,2023-09-09
1198,23,54,176,2023-07-02
1199,30,219,495,2023-04-22
1200,17,284,116,2023-09-09
1201,2,268,209,2023-10-18
1202,11,200,457,2023-10-07
1203,17,273,447,2023-10-21
1204,14,264,272,2023-01-03
1205,9,226,326,2023-06-28
1206,26,18,398,2023-07-08
1207,25,243,50,2023-06-17
1208,29,117,410,2023-02-23
1209,19,10,264,2023-03-07
1210,28,39,63,2023-04-25
1211,19,41,446,2023-11-12
1212,1,108,340,2023-09-28
1213,5,44,436,2023-08-02
1214,19,197,228,2023-04-20
1215,2,299,348,2023-07-02
1216,29,209,297,2023-09-17
1217,14,176,236,2023-01-24
1218,19,275,224,2023-12-05
1219,24,277,116,2023-04-04
1220,8,236,249,2023-09-13
1221,17,3,69,2023-08-02
1222,2,254,344,2023-12-25
1223,17,36,34,2023-02-09
1224,8,6,272,2023-10-10
1225,14,20,43,2023-02-06
1226,17,291,474,2023-09-14
1227,6,162,426,2023-07-23
1228,26,238,359,2023-07-30
1229,29,47,344,2023-05-03
1230,11,292,459,2023-10-22
1231,8,16,106,2023-10-13
1232,13,108,373,2023-10-03
1233,8,177,228,2023-09-01
1234,7,65,251,2023-09-07
1235,24,63,487,2023-05-23
1236,24,73,43,2023-09-06
1237,30,204,421,2023-11-16
1238,26,254,424,2023-03-08
1239,30,60,408,2023-05-02
1240,3,101,48,2023-08-23
1241,2,17,59,2023-10-09
1242,12,195,257,2023-08-08
1243,4,251,64,2023-05-06
1244,5,38,113,2023-09-19
1245,16,285,258,2023-08-26
1246,2,31,348,2023-02-01
1247,27,181,397,2023-07-22
1248,24,282,428,2023-09-30
1249,24,141,161,2023-06-23
1250,13,245,469,2023-11-05
1251,28,275,163,2023-08-26
1252,4,224,14,2023-12-22
1253,28,27,36,2023-04-20
1254,5,250,137,2023-03-12
1255,27,231,264,2023-05-24
1256,12,13,305,2023-07-25
1257,15,98,418,2023-12-23
1258,5,192,45,2023-08-29
1259,5,186,105,2023-04-01
1260,16,19,80,2023-06-07
1261,25,259,302,2023-07-26
1262,9,67,273,2023-02-26
1263,15,26,112,2023-02-25
1264,30,6,408,2023-06-16
1265,27,141,418,2023-05-07
1266,4,238,207,2023-01-18
1267,17,230,306,2023-03-16
1268,24,27,364,2023-10-05
1269,27,105,240,2023-09-16
1270,1,10,88,2023-01-24
1271,16,272,182,2023-11-04
1272,23,279,271,2023-03-08
1273,28,12,254,2023-05-03
1274,29,156,488,2023-10-14
1275,20,77,343,2023-02-22
1276,17,18,244,2023-05-01
1277,4,58,267,2023-07-05
1278,23,130,98,2023-10-14
1279,13,174,58,2023-09-01
1280,8,87,72,2023-03-17
1281,18,54,111,2023-03-25
1282,13,78,164,2023-12-30
1283,9,204,287,2023-11-08
1284,5,270,440,2023-10-19
1285,30,172,210,2023-11-03
1286,11,38,21,2023-05-27
1287,28,186,428,2023-12-03
1288,14,236,353,2023-12-26
1289,24,16,82,2023-01-05
1290,18,226,241,2023-04-11
1291,18,74,11,2023-04-10
1292,20,211,465,2023-06-22
1293,16,286,4,2023-04-18
1294,4,115,281,2023-09-27
1295,19,247,115,2023-01-28
1296,5,37,346,2023-09-02
1297,2,55,19,2023-09-22
1298,17,167,188,2023-11-11
1299,28,177,135,2023-02-07
1300,4,191,445,2023-04-03
1301,6,99,437,2023-06-02
1302,30,112,335,2023-11-24
1303,22,118,57,2023-02-17
1304,18,162,449,2023-05-10
1305,6,57,172,2023-01-06
1306,20,62,192,2023-03-02
1307,26,39,4,2023-09-15
1308,15,29,158,2023-12-05
1309,1,227,278,2023-09-26
1310,17,31,404,2023-11-01
1311,2,39,139,2023-09-02
1312,4,1,3,2023-01-08
1313,24,56,292,2023-09-22
1314,3,186,74,2023-05-31
1315,27,91,233,2023-07-19
1316,21,199,103,2023-11-25
1317,3,171,372,2023-09-25
1318,24,225,136,2023-08-05
1319,14,182,281,2023-12-04
1320,20,130,230,2023-07-29
1321,27,142,282,2023-12-29
1322,8,131,476,2023-06-20
1323,29,142,237,2023-04-11
1324,8,5,234,2023-03-01
1325,9,167,189,2023-11-19
1326,18,120,177,2023-01-29
1327,27,43,344,2023-06-02
1328,26,92,337,2023-03-07
1329,7,230,221,2023-08-27
1330,10,240,455,2023-01-05
1331,30,187,385,2023-05-04
1332,30,78,213,2023-04-05
1333,1,271,212,2023-01-05
1334,29,46,382,2023-03-26
1335,4,7,358,2023-08-28
1336,20,170,409,2023-02-18
1337,4,115,92,2023-01-26
1338,23,263,452,2023-11-23
1339,29,239,45,2023-04-08
1340,14,275,461,2023-09-27
1341,5,16,254,2023-10-01
1342,5,62,190,2023-11-09
1343,19,194,482,2023-08-24
1344,26,292,325,2023-07-28
1345,21,163,406,2023-01-25
1346,5,235,144,2023-11-22
1347,24,280,343,2023-05-13
1348,11,241,103,2023-06-30
1349,2,233,63,2023-03-26
1350,15,129,156,2023-09-03
1351,14,123,307,2023-02-08
1352,14,137,381,2023-09-08
1353,8,15,349,2023-04-24
1354,20,229,127,2023-09-24
1355,25,144,23,2023-04-12
1356,8,230,418,2023-08-15
1357,5,176,124,2023-09-11
1358,5,292,174,2023-08-15
1359,25,246,100,2023-09-06
1360,29,53,50,2023-10-08
1361,14,147,257,2023-06-07
1362,5,41,148,2023-01-02
1363,29,293,167,2023-07-31
1364,9,240,104,2023-02-05
1365,22,195,68,2023-02-06
1366,27,136,34,2023-09-15
1367,11,88,427,2023-08-28
1368,17,270,162,2023-12-30
1369,27,254,338,2023-04-01
1370,12,189,207,2023-04-06
1371,12,291,152,2023-07-06
1372,24,71,79,2023-09-17
1373,16,233,30,2023-08-07
1374,30,8,224,2023-12-16
1375,1,268,254,2023-07-14
1376,18,115,208,2023-02-15
1377,6,297,468,2023-12-31
1378,5,237,179,2023-12-24
1379,18,76,418,2023-03-06
1380,13,99,496,2023-08-15
1381,6,2,406,2023-02-25
1382,7,122,304,2023-07-23
1383,3,185,143,2023-02-04
1384,11,16,229,2023-04-29
1385,8,279,313,2023-08-26
1386,4,41,305,2023-04-11
1387,10,55,333,2023-10-06
1388,9,208,63,2023-08-13
1389,23,132,307,2023-11-30
1390,13,284,39,2023-02-13
1391,19,178,242,2023-01-01
1392,30,242,360,2023-08-07
1393,15,242,244,2023-08-04
1394,5,284,309,2023-05-20
1395,25,123,369,2023-10-03
1396,13,282,96,2023-04-22
1397,12,167,468,2023-08-31
1398,9,13,144,2023-12-20
1399,24,71,387,2023-01-06
1400,8,54,463,2023-10-04
1401,9,13,55,2023-04-13
1402,21,59,29,2023-10-28
1403,13,260,107,2023-03-11
1404,27,80,492,2023-12-27
1405,29,60,417,2023-07-06
1406,9,47,213,2023-06-07
1407,6,202,427,2023-05-18
1408,29,261,489,2023-11-27
1409,30,36,220,2023-09-14
1410,6,19,381,2023-03-24
1411,11,256,494,2023-03-15
1412,10,286,452,2023-01-14
1413,14,41,448,2023-05-11
1414,28,284,103,2023-07-15
1415,6,287,180,2023-06-17
1416,7,228,472,2023-07-31
1417,9,171,497,2023-07-26
1418,3,245,126,2023-05-15
1419,12,12,197,2023-04-18
1420,16,215,342,2023-09-16
1421,13,140,32,2023-04-29
1422,6,298,333,2023-08-07
1423,13,185,233,2023-06-14
1424,26,212,35,2023-12-15
1425,5,272,17,2023-06-03
1426,4,99,374,2023-12-13
1427,8,132,306,2023-01-25
1428,3,115,440,2023-02-12
1429,2,269,231,2023-04-25
1430,20,60,427,2023-12-16
1431,19,284,265,2023-02-13
1432,7,109,492,2023-07-31
1433,12,22,294,2023-10-12
1434,29,27,439,2023-08-26
1435,4,214,48,2023-08-14
1436,10,44,57,2023-08-06
1437,28,80,331,2023-12-13
1438,9,280,357,2023-09-03
1439,29,174,150,2023-11-09
1440,12,273,134,2023-12-30
1441,11,261,300,2023-05-17
1442,21,38,365,2023-10-05
1443,30,59,344,2023-03-11
1444,19,182,310,2023-01-06
1445,2,105,123,2023-06-04
1446,6,96,182,2023-09-13
1447,30,90,204,2023-05-02
1448,6,71,421,2023-04-28
1449,1,100,146,2023-11-04
1450,7,171,108,2023-11-22
1451,12,166,149,2023-07-28
1452,21,240,232,2023-12-15
1453,23,216,266,2023-03-22
1454,12,61,489,2023-11-26
1455,20,186,130,2023-04-17
1456,21,182,146,2023-05-16
1457,23,219,90,2023-01-14
1458,6,34,390,2023-01-31
1459,14,45,374,2023-06-28
1460,17,138,484,2023-04-04
1461,17,186,218,2023-03-23
1462,18,28,494,2023-06-29
1463,13,106,33,2023-09-06
1464,13,286,10,2023-08-29
1465,27,284,485,2023-06-14
1466,11,157,260,2023-10-13
1467,3,287,499,2023-01-30
1468,17,107,70,2023-12-22
1469,26,233,163,2023-10-31
1470,2,196,260,2023-06-16
1471,30,202,183,2023-10-10
1472,28,109,132,2023-07-21
1473,2,31,282,2023-04-04
1474,7,226,348,2023-01-15
1475,27,41,410,2023-10-27
1476,29,64,415,2023-02-17
1477,28,231,344,2023-05-31
1478,22,170,233,2023-04-24
1479,25,300,369,2023-01-14
1480,10,139,353,2023-11-06
1481,14,292,14,2023-12-14
1482,21,236,104,2023-06-20
1483,19,288,353,2023-03-02
1484,17,67,482,2023-01-18
1485,16,188,437,2023-08-18
1486,17,281,19,2023-03-27
1487,18,28,247,2023-07-20
1488,29,211,471,2023-05-26
1489,27,234,161,2023-02-26
1490,11,19,126,2023-03-26
1491,19,113,33,2023-09-28
1492,11,126,114,2023-07-20
1493,10,208,429,2023-04-16
1494,30,82,218,2023-11-10
1495,14,252,241,2023-05-10
1496,14,41,20,2023-01-14
1497,10,269,224,2023-01-21
1498,21,205,166,2023-02-14
1499,23,99,295,2023-02-03
1500,4,83,171,2023-03-12
1501,10,24,163,2023-09-09
1502,27,73,310,2023-12-01
1503,6,183,216,2023-08-19
1504,22,3,198,2023-01-12
1505,29,259,49,2023-05-03
1506,11,30,497,2023-09-20
1507,18,146,441,2023-03-10
1508,6,212,329,2023-04-21
1509,21,27,329,2023-12-25
1510,15,105,293,2023-09-03
1511,27,110,279,2023-04-08
1512,6,19,363,2023-10-08
1513,20,16,457,2023-11-18
1514,1,282,58,2023-11-03
1515,9,270,172,2023-07-20
1516,14,47,153,2023-06-11
1517,3,146,221,2023-06-09
1518,30,156,218,2023-05-20
1519,1,30,491,2023-09-10
1520,14,105,82,2023-10-30
1521,14,149,448,2023-06-15
1522,4,48,480,2023-09-06
1523,14,183,266,2023-09-23
1524,23,158,433,2023-12-21
1525,4,42,127,2023-02-10
1526,11,165,185,2023-02-24
1527,20,297,373,2023-08-17
1528,9,174,417,2023-08-12
1529,11,94,229,2023-09-05
1530,15,214,271,2023-07-18
1531,6,188,442,2023-04-25
1532,25,88,0,2023-09-10
1533,12,257,296,2023-07-21
1534,28,248,411,2023-02-12
1535,13,54,14,2023-06-15
1536,18,291,79,2023-06-04
1537,23,144,173,2023-10-15
1538,23,5,31,2023-04-25
1539,14,37,38,2023-11-23
1540,24,119,192,2023-06-25
1541,26,153,239,2023-10-09
1542,11,246,72,2023-02-27
1543,25,294,92,2023-11-28
1544,24,212,88,2023-07-01
1545,2,130,458,2023-04-24
1546,19,192,253,2023-06-23
1547,28,197,233,2023-09-13
1548,2,256,138,2023-03-31
1549,17,148,197,2023-05-21
1550,29,267,289,2023-12-24
1551,23,291,305,2023-01-06
1552,8,172,171,2023-08-18
1553,5,149,13,2023-12-06
1554,26,148,327,2023-11-11
1555,29,265,152,2023-08-07
1556,11,95,195,2023-03-08
1557,30,186,177,2023-06-01
1558,25,257,94,2023-09-28
1559,20,211,340,2023-08-14
1560,1,3,236,2023-03-04
1561,20,167,415,2023-11-02
1562,16,205,310,2023-12-18
1563,5,178,77,2023-01-21
1564,27,27,243,2023-01-01
1565,28,29,219,2023-09-12
1566,16,127,408,2023-08-13
1567,24,105,219,2023-05-06
1568,5,69,206,2023-09-24
1569,28,107,435,2023-07-21
1570,10,180,183,2023-04-18
1571,9,102,114,2023-12-24
1572,22,262,123,2023-03-29
1573,30,152,237,2023-06-26
1574,24,40,107,2023-12-22
1575,19,289,405,2023-05-09
1576,29,137,46,2023-11-17
1577,3,177,197,2023-11-16
1578,9,67,50,2023-09-30
1579,22,151,193,2023-05-19
1580,20,278,69,2023-05-05
1581,8,212,374,2023-01-10
1582,4,116,86,2023-03-07
1583,11,136,473,2023-10-15
1584,4,147,74,2023-01-16
1585,12,166,192,2023-09-08
1586,23,228,219,2023-10-09
1587,7,134,277,2023-12-26
1588,28,180,424,2023-08-19
1589,8,290,332,2023-11-26
1590,10,43,232,2023-09-10
1591,23,291,430,2023-04-10
1592,29,139,443,2023-04-04
1593,24,253,369,2023-01-05
1594,13,185,227,2023-01-07
1595,24,65,405,2023-03-06
1596,14,180,387,2023-08-07
1597,16,295,43,2023-09-25
1598,7,214,296,2023-07-27
1599,16,153,254,2023-06-25
1600,17,288,465,2023-07-19
1601,20,123,249,2023-10-08
1602,19,94,421,2023-01-10
1603,12,82,400,2023-09-11
1604,9,108,472,2023-06-17
1605,28,240,272,2023-10-16
1606,26,67,476,2023-04-13
1607,8,268,172,2023-01-16
1608,9,243,235,2023-11-24
1609,5,276,45,2023-02-02
1610,21,136,391,2023-02-04
1611,10,159,220,2023-07-02
1612,5,152,142,2023-04-12
1613,14,42,232,2023-11-28
1614,18,26,416,2023-03-20
1615,29,166,432,2023-01-17
1616,7,294,265,2023-10-10
1617,8,97,189,2023-01-21
1618,5,267,182,2023-01-17
1619,24,123,313,2023-03-17
1620,6,23,356,2023-02-13
1621,20,198,190,2023-01-28
1622,23,41,138,2023-01-25
1623,24,121,34,2023-07-20
1624,9,4,481,2023-10-30
1625,21,255,351,2023-04-11
1626,9,131,341,2023-10-06
1627,8,183,131,2023-03-16
1628,17,107,372,2023-11-02
1629,24,177,321,2023-03-06
1630,8,72,416,2023-09-12
1631,29,70,72,2023-09-29
1632,23,69,162,2023-05-04
1633,1,264,293,2023-02-19
1634,22,123,222,2023-01-13
1635,18,227,461,2023-12-02
1636,15,183,184,2023-09-03
1637,22,227,94,2023-07-27
1638,27,72,288,2023-02-04
1639,16,8,171,2023-04-24
1640,2,72,308,2023-02-01
1641,13,212,463,2023-09-10
1642,2,263,147,2023-12-09
1643,14,46,318,2023-09-05
1644,7,150,178,2023-06-05
1645,11,81,369,2023-12-31
1646,15,261,141,2023-11-18
1647,26,175,290,2023-12-17
1648,17,143,109,2023-12-19
1649,21,192,496,2023-10-30
1650,17,159,300,2023-04-28
1651,15,237,160,2023-02-04
1652,16,83,60,2023-12-22
1653,9,300,348,2023-11-16
1654,21,175,71,2023-08-06
1655,21,140,436,2023-09-25
1656,20,64,481,2023-06-30
1657,19,279,114,2023-02-13
1658,24,50,494,2023-06-23
1659,23,215,205,2023-09-24
1660,9,125,333,2023-07-17
1661,6,36,305,2023-12-11
1662,1,139,398,2023-10-29
1663,5,86,41,2023-11-11
1664,5,56,369,2023-04-09
1665,23,249,19,2023-07-29
1666,26,222,91,2023-07-19
1667,1,293,67,2023-11-04
1668,1,249,134,2023-10-31
1669,29,214,65,2023-11-30
1670,22,298,328,2023-05-27
1671,6,158,150,2023-07-31
1672,9,94,35,2023-12-24
1673,19,278,139,2023-02-01
1674,28,166,406,2023-12-12
1675,5,56,222,2023-06-05
1676,21,82,489,2023-03-17
1677,17,34,394,2023-07-21
1678,22,63,384,2023-08-15
1679,20,2,204,2023-10-16
1680,12,190,294,2023-05-22
1681,6,43,348,2023-04-14
1682,29,95,69,2023-08-03
1683,13,274,158,2023-11-05
1684,24,148,392,2023-04-18
1685,8,7,183,2023-10-25
1686,29,214,17,2023-10-19
1687,3,293,382,2023-01-25
1688,25,98,58,2023-08-17
1689,11,42,322,2023-04-25
1690,29,242,223,2023-12-08
1691,20,104,108,2023-07-27
1692,1,247,130,2023-07-09
1693,25,78,492,2023-08-03
1694,14,124,29,2023-01-09
1695,29,32,191,2023-04-17
1696,21,167,197,2023-08-15
1697,29,282,241,2023-08-09
1698,24,30,90,2023-07-25
1699,13,254,1,2023-11-21
1700,15,169,275,2023-06-30
1701,23,32,464,2023-11-22
1702,21,184,96,2023-05-09
1703,8,53,464,2023-10-14
1704,15,149,484,2023-06-22
1705,13,76,284,2023-06-05
1706,1,69,264,2023-04-12
1707,11,274,3,2023-04-26
1708,20,229,237,2023-06-17
1709,15,37,39,2023-01-04
1710,21,135,438,2023-07-17
1711,4,61,396,2023-07-23
1712,6,131,389,2023-03-03
1713,25,1,493,2023-03-12
1714,12,60,328,2023-04-02
1715,1,31,281,2023-06-25
1716,10,264,240,2023-07-04
1717,27,7,102,2023-02-25
1718,18,135,296,2023-03-08
1719,1,20,494,2023-03-04
1720,7,142,297,2023-02-10
1721,30,143,383,2023-08-19
1722,2,210,461,2023-05-31
1723,25,125,495,2023-06-24
1724,8,3,60,2023-11-17
1725,26,131,61,2023-08-14
1726,1,75,225,2023-04-07
1727,19,160,254,2023-08-16
1728,6,272,252,2023-02-05
1729,11,17,451,2023-01-14
1730,19,32,276,2023-06-14
1731,25,155,158,2023-06-30
1732,28,112,238,2023-07-12
1733,10,98,42,2023-10-30
1734,16,261,404,2023-07-18
1735,16,92,362,2023-12-02
1736,10,146,412,2023-09-03
1737,18,3,438,2023-01-14
1738,22,284,313,2023-03-20
1739,18,290,151,2023-01-01
1740,3,286,300,2023-10-02
1741,12,48,79,2023-11-10
1742,10,65,136,2023-05-15
1743,28,221,212,2023-11-29
1744,16,147,449,2023-04-25
1745,25,180,385,2023-03-05
1746,9,297,164,2023-10-01
1747,30,81,382,2023-07-15
1748,18,193,164,2023-11-02
1749,13,297,196,2023-11-20
1750,24,123,301,2023-04-01
1751,14,289,261,2023-09-29
1752,19,228,47,2023-03-19
1753,14,82,126,2023-08-25
1754,2,84,367,2023-11-08
1755,11,243,135,2023-01-14
1756,26,215,31,2023-06-19
1757,8,174,100,2023-04-19
1758,3,105,76,2023-11-22
1759,15,57,194,2023-11-14
1760,13,276,200,2023-02-12
1761,8,169,67,2023-11-09
1762,13,239,27,2023-12-24
1763,16,75,423,2023-03-16
1764,22,294,399,2023-11-03
1765,1,283,56,2023-08-29
1766,30,196,202,2023-11-19
1767,2,218,54,2023-03-21
1768,13,153,82,2023-06-21
1769,29,270,105,2023-11-12
1770,14,37,250,2023-09-16
1771,2,178,341,2023-11-24
1772,16,200,422,2023-04-24
1773,14,170,331,2023-12-02
1774,7,125,438,2023-04-21
1775,22,163,413,2023-11-06
1776,14,287,359,2023-01-02
1777,18,250,425,2023-01-29
1778,17,228,132,2023-09-29
1779,5,145,356,2023-09-04
1780,11,113,428,2023-08-09
1781,18,92,191,2023-04-05
1782,16,181,31,2023-08-22
1783,26,128,97,2023-11-11
1784,10,278,267,2023-08-31
1785,6,169,106,2023-01-24
1786,14,259,65,2023-12-05
1787,2,63,494,2023-06-09
1788,29,212,51,2023-11-26
1789,27,242,198,2023-07-01
1790,9,136,287,2023-08-29
1791,28,39,231,2023-07-03
1792,13,68,162,2023-12-18
1793,21,57,240,2023-12-09
1794,23,153,499,2023-12-19
1795,20,201,389,2023-12-16
1796,12,87,21,2023-04-04
1797,2,39,216,2023-11-23
1798,3,248,174,2023-07-27
1799,13,114,396,2023-02-22
1800,21,204,278,2023-04-04
1801,1,206,492,2023-04-08
1802,28,135,171,2023-04-28
1803,20,262,493,2023-10-17
1804,29,123,8,2023-11-13
1805,4,83,361,2023-12-24
1806,18,213,58,2023-03-02
1807,25,275,484,2023-09-09
1808,13,175,116,2023-09-05
1809,6,275,100,2023-09-21
1810,25,236,244,2023-02-23
1811,6,34,285,2023-06-30
1812,15,171,339,2023-05-28
1813,18,141,485,2023-02-15
1814,17,25,299,2023-04-28
1815,14,97,176,2023-04-03
1816,4,21,15,2023-01-31
1817,29,290,497,2023-08-01
1818,1,110,120,2023-06-03
1819,8,281,213,2023-10-05
1820,11,82,229,2023-11-09
1821,13,107,329,2023-04-14
1822,17,267,83,2023-06-03
1823,21,275,180,2023-09-30
1824,14,177,232,2023-12-11
1825,25,286,385,2023-12-23
1826,17,109,322,2023-06-04
1827,20,38,41,2023-11-19
1828,24,271,447,2023-02-25
1829,24,216,391,2023-10-07
1830,1,132,72,2023-01-25
1831,8,221,254,2023-09-23
1832,27,270,347,2023-10-19
1833,28,264,404,2023-08-22
1834,19,77,370,2023-07-29
1835,30,215,352,2023-05-05
1836,11,93,187,2023-06-22
1837,23,139,289,2023-04-28
1838,10,80,499,2023-11-10
1839,27,50,387,2023-03-24
1840,1,236,239,2023-03-23
1841,5,294,372,2023-01-23
1842,16,152,472,2023-05-16
1843,20,95,317,2023-11-02
1844,20,166,95,2023-03-30
1845,28,90,75,2023-10-26
1846,5,17,1,2023-12-18
1847,16,229,494,2023-07-30
1848,3,283,382,2023-03-23
1849,30,222,177,2023-04-06
1850,23,233,111,2023-02-15
1851,2,281,372,2023-12-26
1852,17,204,203,2023-09-28
1853,22,257,497,2023-02-18
1854,28,277,237,2023-05-29
1855,1,257,25,2023-03-16
1856,16,159,340,2023-08-09
1857,27,259,107,2023-08-12
1858,23,203,164,2023-01-06
1859,24,176,54,2023-02-24
1860,30,82,355,2023-12-05
1861,2,25,273,2023-11-28
1862,20,18,279,2023-01-15
1863,7,284,29,2023-01-11
1864,11,260,16,2023-06-16
1865,6,116,463,2023-03-15
1866,2,149,297,2023-11-03
1867,14,21,80,2023-06-14
1868,4,94,363,2023-07-04
1869,19,148,395,2023-03-29
1870,25,126,26,2023-08-31
1871,22,224,182,2023-12-22
1872,29,121,3,2023-03-06
1873,28,128,162,2023-09-30
1874,2,287,448,2023-07-10
1875,2,153,331,2023-05-22
1876,13,200,412,2023-02-07
1877,13,273,71,2023-06-02
1878,3,148,455,2023-02-06
1879,21,221,75,2023-08-15
1880,28,228,419,2023-12-08
1881,6,179,239,2023-09-09
1882,21,98,289,2023-05-15
1883,28,116,291,2023-01-11
1884,17,123,438,2023-07-21
1885,29,285,259,2023-11-30
1886,1,195,10,2023-08-26
1887,7,240,58,2023-11-04
1888,30,215,258,2023-03-10
1889,26,3,201,2023-06-19
1890,30,248,267,2023-03-12
1891,7,262,112,2023-09-28
1892,13,168,72,2023-05-29
1893,26,261,404,2023-03-23
1894,22,3,481,2023-01-01
1895,9,260,405,2023-01-10
1896,18,216,401,2023-05-27
1897,1,261,235,2023-10-25
1898,11,57,5,2023-04-04
1899,22,170,88,2023-10-24
1900,22,83,113,2023-08-21
1901,25,200,364,2023-05-28
1902,11,156,334,2023-05-04
1903,10,279,320,2023-09-25
1904,17,135,310,2023-09-05
1905,27,294,167,2023-04-08
1906,17,205,337,2023-04-16
1907,12,185,51,2023-06-15
1908,30,85,375,2023-04-23
1909,28,293,299,2023-02-27
1910,10,138,350,2023-09-03
1911,12,218,61,2023-09-24
1912,6,106,83,2023-12-05
1913,21,57,235,2023-06-25
1914,27,92,472,2023-10-23
1915,6,272,352,2023-04-24
1916,6,59,329,2023-04-04
1917,29,259,156,2023-09-07
1918,20,193,146,2023-12-21
1919,26,117,411,2023-03-09
1920,8,195,377,2023-05-29
1921,5,158,474,2023-01-05
1922,6,275,122,2023-09-03
1923,2,275,402,2023-06-13
1924,17,36,490,2023-09-07
1925,8,112,286,2023-05-15
1926,22,229,181,2023-07-03
1927,29,197,98,2023-10-14
1928,9,290,189,2023-07-31
1929,21,183,397,2023-01-25
1930,8,254,305,2023-12-24
1931,23,239,250,2023-07-03
1932,11,298,314,2023-08-05
1933,10,42,197,2023-12-03
1934,17,88,441,2023-12-01
1935,23,176,246,2023-06-11
1936,20,278,264,2023-06-21
1937,13,297,56,2023-12-29
1938,22,280,424,2023-01-07
1939,9,33,282,2023-04-13
1940,15,28,57,2023-11-03
1941,13,209,336,2023-06-02
1942,13,90,483,2023-08-26
1943,13,82,323,2023-06-19
1944,25,248,185,2023-11-07
1945,25,191,279,2023-10-21
1946,21,278,498,2023-02-25
1947,4,18,335,2023-04-02
1948,22,213,61,2023-06-11
1949,10,211,80,2023-06-06
1950,15,2,450,2023-06-25
1951,21,94,245,2023-03-13
1952,28,295,486,2023-03-18
1953,10,17,248,2023-02-15
1954,21,239,356,2023-10-20
1955,8,16,372,2023-09-04
1956,10,155,2,2023-01-03
1957,21,177,235,2023-11-30
1958,17,131,50,2023-08-12
1959,5,298,104,2023-09-06
1960,13,63,98,2023-08-03
1961,21,285,322,2023-03-18
1962,21,130,79,2023-08-19
1963,28,104,440,2023-02-19
1964,19,270,403,2023-05-29
1965,12,268,300,2023-04-17
1966,12,280,389,2023-07-05
1967,25,28,416,2023-10-14
1968,21,217,170,2023-01-07
1969,28,134,433,2023-11-09
1970,2,286,154,2023-10-19
1971,21,34,29,2023-12-08
1972,9,211,98,2023-10-07
1973,30,186,145,2023-01-24
1974,24,181,413,2023-11-08
1975,22,272,234,2023-08-01
1976,25,185,473,2023-07-08
1977,23,27,398,2023-03-18
1978,2,112,351,2023-05-04
1979,30,137,98,2023-10-11
1980,1,26,459,2023-06-09
1981,14,262,189,2023-11-29
1982,13,135,276,2023-08-12
1983,3,269,395,2023-09-03
1984,27,177,432,2023-03-19
1985,20,10,256,2023-04-06
1986,25,299,202,2023-02-14
1987,5,110,438,2023-03-10
1988,2,112,24,2023-04-09
1989,26,101,174,2023-03-09
1990,21,274,200,2023-03-19
1991,29,267,294,2023-05-26
1992,18,266,490,2023-03-16
1993,9,156,282,2023-12-05
1994,22,213,92,2023-01-02
1995,28,54,49,2023-06-06
1996,28,153,218,2023-03-28
1997,12,262,438,2023-09-07
1998,5,289,155,2023-02-17
1999,18,226,56,2023-09-11
2000,23,96,230,2023-03-06
